Workbook

Sheet MedSigLIP_FT
A1: mode | B1: embedding | C1: batch_size | D1: depth | E1: optimizer | F1: lambda | G1: loss_version | H1: loss_name | I1: guidance_mode | J1: guidance_mode_name | K1: DSC_Covid_mean | L1: DSC_Covid_std | M1: HD95_Covid_mean | N1: HD95_Covid_std | O1: n_splits
A2: textft | B2: MedSigLIP | C2: 64 | D2: 5 | E2: SGD | F2: 0.05 | G2: 0 | H2: =VLOOKUP(G2, Mappings!A:B, 2, FALSE) -> STANDARD | I2: 0 | J2: {=XLOOKUP(I2, Mappings!C:C, Mappings!D:D)} -> TEXT_TO_IMAGE | K2: 0.7786 | L2: 0.0124 | M2: 32.5999 | N2: 0.3243 | O2: 3
A3: textft | B3: MedSigLIP | C3: 64 | D3: 5 | E3: SGD | F3: 0.05 | G3: 0 | H3: =VLOOKUP(G3, Mappings!A:B, 2, FALSE) -> STANDARD | I3: 1 | J3: {=XLOOKUP(I3, Mappings!C:C, Mappings!D:D)} -> IMAGE_TO_TEXT | K3: 0.7831 | L3: 0.0048 | M3: 33.0189 | N3: 0.0737 | O3: 3
A4: textft | B4: MedSigLIP | C4: 64 | D4: 5 | E4: SGD | F4: 0.05 | G4: 0 | H4: =VLOOKUP(G4, Mappings!A:B, 2, FALSE) -> STANDARD | I4: 2 | J4: {=XLOOKUP(I4, Mappings!C:C, Mappings!D:D)} -> BOTH_TO_SHARED | K4: 0.789 | L4: 0.0024 | M4: 32.8021 | N4: 0.3176 | O4: 3
A5: textft | B5: MedSigLIP | C5: 64 | D5: 5 | E5: SGD | F5: 0.05 | G5: 1 | H5: =VLOOKUP(G5, Mappings!A:B, 2, FALSE) -> ONLY_POSITIVES | I5: 0 | J5: {=XLOOKUP(I5, Mappings!C:C, Mappings!D:D)} -> TEXT_TO_IMAGE | K5: 0.7848 | L5: 0.0051 | M5: 33.0906 | N5: 0.5394 | O5: 3
A6: textft | B6: MedSigLIP | C6: 64 | D6: 5 | E6: SGD | F6: 0.05 | G6: 1 | H6: =VLOOKUP(G6, Mappings!A:B, 2, FALSE) -> ONLY_POSITIVES | I6: 1 | J6: {=XLOOKUP(I6, Mappings!C:C, Mappings!D:D)} -> IMAGE_TO_TEXT | K6: 0.7846 | L6: 0.0003 | M6: 32.7871 | N6: 0.2267 | O6: 3
A7: textft | B7: MedSigLIP | C7: 64 | D7: 5 | E7: SGD | F7: 0.05 | G7: 1 | H7: =VLOOKUP(G7, Mappings!A:B, 2, FALSE) -> ONLY_POSITIVES | I7: 2 | J7: {=XLOOKUP(I7, Mappings!C:C, Mappings!D:D)} -> BOTH_TO_SHARED | K7: 0.7852 | L7: 0.0054 | M7: 32.6932 | N7: 0.2193 | O7: 3
A8: textft | B8: MedSigLIP | C8: 64 | D8: 5 | E8: SGD | F8: 0.05 | G8: 2 | H8: =VLOOKUP(G8, Mappings!A:B, 2, FALSE) -> CONTINUOUS | I8: 0 | J8: {=XLOOKUP(I8, Mappings!C:C, Mappings!D:D)} -> TEXT_TO_IMAGE | K8: 0.7857 | L8: 0.0036 | M8: 32.7767 | N8: 0.6324 | O8: 3
A9: textft | B9: MedSigLIP | C9: 64 | D9: 5 | E9: SGD | F9: 0.05 | G9: 2 | H9: =VLOOKUP(G9, Mappings!A:B, 2, FALSE) -> CONTINUOUS | I9: 1 | J9: {=XLOOKUP(I9, Mappings!C:C, Mappings!D:D)} -> IMAGE_TO_TEXT | K9: 0.7887 | L9: 0.0006 | M9: 33.0268 | N9: 0.2438 | O9: 3
A10: textft | B10: MedSigLIP | C10: 64 | D10: 5 | E10: SGD | F10: 0.05 | G10: 2 | H10: =VLOOKUP(G10, Mappings!A:B, 2, FALSE) -> CONTINUOUS | I10: 2 | J10: {=XLOOKUP(I10, Mappings!C:C, Mappings!D:D)} -> BOTH_TO_SHARED | K10: 0.7831 | L10: 0.0047 | M10: 32.8937 | N10: 0.117 | O10: 3
A11: textft | B11: MedSigLIP | C11: 64 | D11: 5 | E11: SGD | F11: 0.05 | G11: 3 | H11: =VLOOKUP(G11, Mappings!A:B, 2, FALSE) -> IGNORE_DUPLICATES | I11: 0 | J11: {=XLOOKUP(I11, Mappings!C:C, Mappings!D:D)} -> TEXT_TO_IMAGE | K11: 0.7863 | L11: 0.0013 | M11: 32.9435 | N11: 0.428 | O11: 3
A12: textft | B12: MedSigLIP | C12: 64 | D12: 5 | E12: SGD | F12: 0.05 | G12: 3 | H12: =VLOOKUP(G12, Mappings!A:B, 2, FALSE) -> IGNORE_DUPLICATES | I12: 1 | J12: {=XLOOKUP(I12, Mappings!C:C, Mappings!D:D)} -> IMAGE_TO_TEXT | K12: 0.7842 | L12: 0.0054 | M12: 32.517 | N12: 0.3163 | O12: 3
A13: textft | B13: MedSigLIP | C13: 64 | D13: 5 | E13: SGD | F13: 0.05 | G13: 3 | H13: =VLOOKUP(G13, Mappings!A:B, 2, FALSE) -> IGNORE_DUPLICATES | I13: 2 | J13: {=XLOOKUP(I13, Mappings!C:C, Mappings!D:D)} -> BOTH_TO_SHARED | K13: 0.7868 | L13: 0.0059 | M13: 32.9824 | N13: 0.2227 | O13: 3

Sheet BioBERT_FT
A1: mode | B1: embedding | C1: batch_size | D1: depth | E1: optimizer | F1: lambda | G1: loss_version | H1: loss_name | I1: guidance_mode | J1: guidance_mode_name | K1: DSC_Covid_mean | L1: DSC_Covid_std | M1: HD95_Covid_mean | N1: HD95_Covid_std | O1: n_splits
A2: textft | B2: BioBERT | C2: 64 | D2: 5 | E2: SGD | F2: 0.05 | G2: 0 | H2: =VLOOKUP(G2, Mappings!A:B, 2, FALSE) -> STANDARD | I2: 0 | J2: {=XLOOKUP(I2, Mappings!C:C, Mappings!D:D)} -> TEXT_TO_IMAGE | K2: 0.7869 | L2: 0.0006 | M2: 32.9514 | N2: 0.2733 | O2: 3
A3: textft | B3: BioBERT | C3: 64 | D3: 5 | E3: SGD | F3: 0.05 | G3: 0 | H3: =VLOOKUP(G3, Mappings!A:B, 2, FALSE) -> STANDARD | I3: 1 | J3: {=XLOOKUP(I3, Mappings!C:C, Mappings!D:D)} -> IMAGE_TO_TEXT | K3: 0.7868 | L3: 0.0015 | M3: 32.7987 | N3: 0.7297 | O3: 3
A4: textft | B4: BioBERT | C4: 64 | D4: 5 | E4: SGD | F4: 0.05 | G4: 0 | H4: =VLOOKUP(G4, Mappings!A:B, 2, FALSE) -> STANDARD | I4: 2 | J4: {=XLOOKUP(I4, Mappings!C:C, Mappings!D:D)} -> BOTH_TO_SHARED | K4: 0.787 | L4: 0.0019 | M4: 33.0898 | N4: 0.8642 | O4: 3
A5: textft | B5: BioBERT | C5: 64 | D5: 5 | E5: SGD | F5: 0.05 | G5: 1 | H5: =VLOOKUP(G5, Mappings!A:B, 2, FALSE) -> ONLY_POSITIVES | I5: 0 | J5: {=XLOOKUP(I5, Mappings!C:C, Mappings!D:D)} -> TEXT_TO_IMAGE | K5: 0.7894 | L5: 0.004 | M5: 33.3752 | N5: 0.6712 | O5: 3
A6: textft | B6: BioBERT | C6: 64 | D6: 5 | E6: SGD | F6: 0.05 | G6: 1 | H6: =VLOOKUP(G6, Mappings!A:B, 2, FALSE) -> ONLY_POSITIVES | I6: 1 | J6: {=XLOOKUP(I6, Mappings!C:C, Mappings!D:D)} -> IMAGE_TO_TEXT | K6: 0.7852 | L6: 0.0018 | M6: 32.3074 | N6: 0.3731 | O6: 3
A7: textft | B7: BioBERT | C7: 64 | D7: 5 | E7: SGD | F7: 0.05 | G7: 1 | H7: =VLOOKUP(G7, Mappings!A:B, 2, FALSE) -> ONLY_POSITIVES | I7: 2 | J7: {=XLOOKUP(I7, Mappings!C:C, Mappings!D:D)} -> BOTH_TO_SHARED | K7: 0.7846 | L7: 0.0037 | M7: 32.738 | N7: 0.442 | O7: 3
A8: textft | B8: BioBERT | C8: 64 | D8: 5 | E8: SGD | F8: 0.05 | G8: 2 | H8: =VLOOKUP(G8, Mappings!A:B, 2, FALSE) -> CONTINUOUS | I8: 0 | J8: {=XLOOKUP(I8, Mappings!C:C, Mappings!D:D)} -> TEXT_TO_IMAGE | K8: 0.7891 | L8: 0.0019 | M8: 32.8983 | N8: 0.6696 | O8: 3
A9: textft | B9: BioBERT | C9: 64 | D9: 5 | E9: SGD | F9: 0.05 | G9: 2 | H9: =VLOOKUP(G9, Mappings!A:B, 2, FALSE) -> CONTINUOUS | I9: 1 | J9: {=XLOOKUP(I9, Mappings!C:C, Mappings!D:D)} -> IMAGE_TO_TEXT | K9: 0.7882 | L9: 0.0032 | M9: 32.7977 | N9: 0.4871 | O9: 3
A10: textft | B10: BioBERT | C10: 64 | D10: 5 | E10: SGD | F10: 0.05 | G10: 2 | H10: =VLOOKUP(G10, Mappings!A:B, 2, FALSE) -> CONTINUOUS | I10: 2 | J10: {=XLOOKUP(I10, Mappings!C:C, Mappings!D:D)} -> BOTH_TO_SHARED | K10: 0.7857 | L10: 0.0016 | M10: 32.9261 | N10: 0.7336 | O10: 3
A11: textft | B11: BioBERT | C11: 64 | D11: 5 | E11: SGD | F11: 0.05 | G11: 3 | H11: =VLOOKUP(G11, Mappings!A:B, 2, FALSE) -> IGNORE_DUPLICATES | I11: 0 | J11: {=XLOOKUP(I11, Mappings!C:C, Mappings!D:D)} -> TEXT_TO_IMAGE | K11: 0.7865 | L11: 0.005 | M11: 32.9701 | N11: 0.2916 | O11: 3
A12: textft | B12: BioBERT | C12: 64 | D12: 5 | E12: SGD | F12: 0.05 | G12: 3 | H12: =VLOOKUP(G12, Mappings!A:B, 2, FALSE) -> IGNORE_DUPLICATES | I12: 1 | J12: {=XLOOKUP(I12, Mappings!C:C, Mappings!D:D)} -> IMAGE_TO_TEXT | K12: 0.7864 | L12: 0.003 | M12: 33.2834 | N12: 0.2288 | O12: 3
A13: textft | B13: BioBERT | C13: 64 | D13: 5 | E13: SGD | F13: 0.05 | G13: 3 | H13: =VLOOKUP(G13, Mappings!A:B, 2, FALSE) -> IGNORE_DUPLICATES | I13: 2 | J13: {=XLOOKUP(I13, Mappings!C:C, Mappings!D:D)} -> BOTH_TO_SHARED | K13: 0.787 | L13: 0.0035 | M13: 33.0143 | N13: 0.4971 | O13: 3

Sheet Baselines
A1: batch_size | B1: depth | C1: optimizer | D1: DSC_Covid_mean | E1: DSC_Covid_std | F1: HD95_Covid_mean | G1: HD95_Covid_std | H1: n_splits
A2: 32 | B2: 3 | C2: AdamW | D2: 0.78285 | E2: 0.00157 | F2: 35.14383 | G2: 0.62876 | H2: 3
A3: 32 | B3: 3 | C3: SGD | D3: 0.77958 | E3: 0.00161 | H3: 3
A4: 32 | B4: 5 | C4: AdamW | D4: 0.77411 | E4: 0.00358 | F4: 35.31839 | G4: 0.37294 | H4: 3
A5: 32 | B5: 5 | C5: SGD | D5: 0.78883 | E5: 0.00252 | F5: 32.60103 | H5: 3
A6: 64 | B6: 3 | C6: AdamW | D6: 0.77737 | E6: 0.00641 | H6: 3
A7: 64 | B7: 3 | C7: SGD | D7: 0.78077 | E7: 0.00359 | F7: 33.95978 | H7: 3
A8: 64 | B8: 5 | C8: AdamW | D8: 0.7756 | E8: 0.00452 | F8: 35.40655 | H8: 3
A9: 64 | B9: 5 | C9: SGD | D9: 0.78638 | E9: 0.00132 | F9: 33.16637 | H9: 3

Sheet Mappings
A1: loss_version_code | B1: loss_version_name | C1: guidance_mode_code | D1: guidance_mode_name
A2: 0 | B2: STANDARD | C2: 0 | D2: TEXT_TO_IMAGE
A3: 1 | B3: ONLY_POSITIVES | C3: 1 | D3: IMAGE_TO_TEXT
A4: 2 | B4: CONTINUOUS | C4: 2 | D4: BOTH_TO_SHARED
A5: 3 | B5: IGNORE_DUPLICATES
